variable,n,jb_stat,jb_pvalue,lb5_stat,lb5_pvalue,lb12_stat,lb12_pvalue,lb22_stat,lb22_pvalue,adf_stat,adf_pvalue
log_rv,180,31.94156868566556,1.1587146241662566e-07,298.0001724703093,2.6952126142959727e-62,477.4233976106309,1.4065900962839872e-94,596.0331214575234,5.894732076283204e-112,-3.2252533904864404,0.01856866549313427
NPI,180,1367.5564507750987,1.093678988390941e-297,52.95445912492739,3.4365424026303073e-10,63.88360887388468,4.381750790914157e-09,68.07516689411837,1.3238335005367884e-06,-2.7964149481113307,0.058787694825015314
ANP,180,7840.199160686965,0.0,44.94564112387702,1.4882686079018604e-08,68.09777209141289,7.255725688961586e-10,80.56983813554318,1.3052983530126829e-08,-8.035629332221651,1.906178662342907e-12
SNP,180,2732.609363253336,0.0,53.247688046056155,2.991660918051418e-10,71.97576459576179,1.3649642490942136e-10,76.20875905852589,6.739891056728337e-08,-7.943104585012744,3.273718437800252e-12
NPI2,180,215.44942025738925,1.643436114950889e-47,86.25067795553329,4.115116759658385e-17,100.16562947030425,5.166919861395328e-16,104.8516008557952,9.059169358879457e-13,-3.908413496432719,0.0019737935454101478
